unique_id,ds,y
86,1990-01-01,64554.4788493508
86,1990-01-02,71138.7492385722
86,1990-01-03,77253.2663003328
86,1990-01-04,77340.779502806
86,1990-01-05,79860.7594145648
86,1990-01-06,81103.4079079732
86,1990-01-07,75227.5597899524
86,1990-01-08,66933.3237610039
86,1990-01-09,59458.3178403242
86,1990-01-10,55028.9677333866
86,1990-01-11,52930.8706124631
86,1990-01-12,50795.023094587
86,1990-01-13,47474.4641032802
86,1990-01-14,45387.152330033
86,1990-01-15,48597.6925306475
86,1990-01-16,48590.2824187022
86,1990-01-17,45276.8570390678
86,1990-01-18,42160.2609785557
86,1990-01-19,38284.1260982288
86,1990-01-20,34675.4960139624
86,1990-01-21,32918.1204838285
86,1990-01-22,32352.3297912301
86,1990-01-23,31597.0189452693
86,1990-01-24,33643.6556044542
86,1990-01-25,37522.8941603143
86,1990-01-26,41738.5827190322
86,1990-01-27,44282.8853347827
86,1990-01-28,43803.9648781376
86,1990-01-29,46397.1522299121
86,1990-01-30,49180.181431642
86,1990-01-31,50711.8211323705
86,1990-02-01,49087.5887543038
86,1990-02-02,47360.9909058473
86,1990-02-03,47937.2452292828
86,1990-02-04,47312.6990259984
86,1990-02-05,46389.854719599
86,1990-02-06,44270.4422871902
86,1990-02-07,42606.6486894755
86,1990-02-08,40838.8006072861
86,1990-02-09,39294.2846323815
86,1990-02-10,37190.9867200458
86,1990-02-11,37542.9262959261
86,1990-02-12,35328.499586338
86,1990-02-13,26617.1639697674
86,1990-02-14,22759.6921743584
86,1990-02-15,23044.7779988072
86,1990-02-16,22618.1169803109
86,1990-02-17,24095.5872308525
86,1990-02-18,26096.024323899
86,1990-02-19,28981.9280384733
86,1990-02-20,33023.0226751384
86,1990-02-21,37690.5144110885
86,1990-02-22,42192.5305449642
86,1990-02-23,47105.17924708
86,1990-02-24,52032.4168674926
86,1990-02-25,65306.7169382384
86,1990-02-26,70662.0250705352
86,1990-02-27,71307.9915509614
86,1990-02-28,72310.8562854596
86,1990-03-01,72280.0583632302
86,1990-03-02,70801.0529374803
86,1990-03-03,69972.8127959347
86,1990-03-04,67289.2818406283
86,1990-03-05,61491.5121156741
86,1990-03-06,55463.3240937735
86,1990-03-07,49658.1331778494
86,1990-03-08,45066.4971993558
86,1990-03-09,39938.6155798982
86,1990-03-10,37518.3266564391
86,1990-03-11,37667.3384486991
86,1990-03-12,41410.3843907621
86,1990-03-13,59453.5668156798
86,1990-03-14,85732.7072161868
86,1990-03-15,99485.7143843862
86,1990-03-16,109657.701043999
86,1990-03-17,113513.695837308
86,1990-03-18,122772.135148349
86,1990-03-19,122664.462640075
86,1990-03-20,120957.81983809
86,1990-03-21,112710.781970147
86,1990-03-22,102011.78028786
86,1990-03-23,93463.7023070212
86,1990-03-24,89273.093146628
86,1990-03-25,84388.795132021
86,1990-03-26,81028.2343840556
86,1990-03-27,79151.7560166647
86,1990-03-28,75475.1266410095
86,1990-03-29,69695.122391044
86,1990-03-30,61426.1734538956
86,1990-03-31,55148.9674202428
86,1990-04-01,49963.177798291
86,1990-04-02,46288.3036526674
86,1990-04-03,43460.8238025103
86,1990-04-04,43872.0012439223
86,1990-04-05,46920.2450208423
86,1990-04-06,64800.1543928768
86,1990-04-07,90777.8683952145
86,1990-04-08,102356.462495194
86,1990-04-09,113912.899286329
86,1990-04-10,119409.565215622
86,1990-04-11,125058.789943813
86,1990-04-12,122651.868957249
86,1990-04-13,119779.180293671
86,1990-04-14,107937.658188249
86,1990-04-15,96320.5037770286
86,1990-04-16,89288.672983597
86,1990-04-17,84061.54042998
86,1990-04-18,82382.836084646
86,1990-04-19,78535.6436786175
86,1990-04-20,80190.009337632
86,1990-04-21,77015.4762353587
86,1990-04-22,72030.65105957
86,1990-04-23,67312.9149814917
86,1990-04-24,60855.2818305274
86,1990-04-25,55619.245674991
86,1990-04-26,50997.3825420973
86,1990-04-27,47565.9284036667
86,1990-04-28,45270.1629059697
86,1990-04-29,48382.9994023483
86,1990-04-30,64916.4161658284
86,1990-05-01,91055.5290636453
86,1990-05-02,102021.362500691
86,1990-05-03,101453.08642187
86,1990-05-04,102830.48257872
86,1990-05-05,119116.36431882
86,1990-05-06,106297.849483359
86,1990-05-07,81473.4159360977
86,1990-05-08,75003.650188884
86,1990-05-09,67270.8986622572
86,1990-05-10,61745.1897520605
86,1990-05-11,60069.5442932234
86,1990-05-12,55082.1360437313
86,1990-05-13,53785.1515013139
86,1990-05-14,51820.4891250403
86,1990-05-15,49220.7865013859
86,1990-05-16,45354.1311339281
86,1990-05-17,38464.3886517659
86,1990-05-18,34335.0069106889
86,1990-05-19,31852.5822210321
86,1990-05-20,28444.1230951098
86,1990-05-21,27960.3474986878
86,1990-05-22,29380.716949261
86,1990-05-23,32337.9821557954
86,1990-05-24,44782.6565744768
86,1990-05-25,65160.0336648898
86,1990-05-26,74067.2744526768
86,1990-05-27,80437.905296105
86,1990-05-28,80415.565453178
86,1990-05-29,83413.1317238492
86,1990-05-30,84793.3985935452
86,1990-05-31,81314.9954023768
86,1990-06-01,73975.3397809235
86,1990-06-02,66554.9830548406
86,1990-06-03,61711.488546166
86,1990-06-04,58145.5475866939
86,1990-06-05,53628.7497932486
86,1990-06-06,51279.1960376266
86,1990-06-07,48923.3570543946
86,1990-06-08,46283.6000648522
86,1990-06-09,42701.9716533522
86,1990-06-10,37990.3216052601
86,1990-06-11,33373.4951834282
86,1990-06-12,30673.1969292148
86,1990-06-13,28032.5060310073
86,1990-06-14,26527.6368730972
86,1990-06-15,26178.8315246006
86,1990-06-16,30784.684111386
86,1990-06-17,44053.7802990782
86,1990-06-18,62682.2854411126
86,1990-06-19,70084.3699638816
86,1990-06-20,76064.5288395372
86,1990-06-21,74957.9972848048
86,1990-06-22,72677.4334353467
86,1990-06-23,79244.0757162271
86,1990-06-24,74980.7807556714
86,1990-06-25,63487.751703331
86,1990-06-26,54476.0898184011
86,1990-06-27,51138.512063503
86,1990-06-28,51265.5837851455
86,1990-06-29,49326.5149921296
86,1990-06-30,46928.1518962182
86,1990-07-01,46398.8885819219
86,1990-07-02,44664.7371881218
86,1990-07-03,42590.0822050454
86,1990-07-04,39372.4462119828
86,1990-07-05,36232.8736571106
86,1990-07-06,34004.9086618342
86,1990-07-07,29333.9100967457
86,1990-07-08,28015.0915577987
86,1990-07-09,26969.5691974178
86,1990-07-10,25728.566160005
86,1990-07-11,27591.3448208372
86,1990-07-12,31454.1463155686
86,1990-07-13,36188.7148482658
86,1990-07-14,39750.0587314782
86,1990-07-15,42938.6196861177
86,1990-07-16,47159.7007316744
86,1990-07-17,48890.7993028386
86,1990-07-18,51229.5456791279
86,1990-07-19,49557.579692022
86,1990-07-20,48216.6424388729
86,1990-07-21,46392.5413701328
86,1990-07-22,48494.677793765
86,1990-07-23,45924.9869417742
86,1990-07-24,45613.6505093757
86,1990-07-25,45172.7488777714
86,1990-07-26,45939.2385234497
86,1990-07-27,48667.9796209393
86,1990-07-28,44866.785578402
86,1990-07-29,40357.2369139679
86,1990-07-30,37522.5862424157
86,1990-07-31,33910.1795566655
86,1990-08-01,28542.9957208051
86,1990-08-02,25969.8098994472
86,1990-08-03,24802.0857573406
86,1990-08-04,25395.4822755014
86,1990-08-05,29015.0433497393
86,1990-08-06,32984.0914920756
86,1990-08-07,39098.7933249422
86,1990-08-08,44756.288301804
86,1990-08-09,49035.9526791364
86,1990-08-10,53261.7547116739
86,1990-08-11,55035.1506740261
86,1990-08-12,55287.9873872341
86,1990-08-13,54602.4342668454
86,1990-08-14,54493.0917923127
86,1990-08-15,54553.7440680118
86,1990-08-16,54274.0140262523
86,1990-08-17,52619.979331523
86,1990-08-18,51428.5089083184
86,1990-08-19,47533.7385430277
86,1990-08-20,42460.4342061106
86,1990-08-21,37865.3314119362
86,1990-08-22,35589.8783735422
86,1990-08-23,31999.4404569002
86,1990-08-24,29972.2022733698
86,1990-08-25,28900.2006734323
86,1990-08-26,28501.0947889669
86,1990-08-27,32438.9021203155
86,1990-08-28,49461.160693533
86,1990-08-29,67889.3997374153
86,1990-08-30,75509.0397126676
86,1990-08-31,80523.0133599384
86,1990-09-01,81577.8378680338
86,1990-09-02,85024.3319735088
86,1990-09-03,86160.1647986768
86,1990-09-04,82759.85667602
86,1990-09-05,72696.0995647235
86,1990-09-06,64397.9295909279
86,1990-09-07,60648.0432646965
86,1990-09-08,58350.2697610502
86,1990-09-09,54538.7353323006
86,1990-09-10,52054.2863912467
86,1990-09-11,48751.0658898842
86,1990-09-12,45148.2152054325
86,1990-09-13,42130.7319690349
86,1990-09-14,36189.3681570205
86,1990-09-15,33105.4644836537
86,1990-09-16,29913.976810295
86,1990-09-17,27277.184957827
86,1990-09-18,27026.3262996057
86,1990-09-19,26245.195499474
86,1990-09-20,32329.16750483
86,1990-09-21,50078.8470568456
86,1990-09-22,68732.6972791
86,1990-09-23,75319.0629091568
86,1990-09-24,92221.7131256154
86,1990-09-25,100538.752308237
86,1990-09-26,104006.470641902
86,1990-09-27,107104.349042821
86,1990-09-28,103349.575857944
86,1990-09-29,88486.318845093
86,1990-09-30,74831.4927905303
86,1990-10-01,74798.9102998385
86,1990-10-02,69512.5550769262
86,1990-10-03,68124.3779627476
86,1990-10-04,66013.2253321037
86,1990-10-05,67082.9534241371
86,1990-10-06,63436.4516368604
86,1990-10-07,58264.328445136
86,1990-10-08,49253.2135767453
86,1990-10-09,43793.8845734479
86,1990-10-10,39106.2987018868
86,1990-10-11,35678.5695066546
86,1990-10-12,35011.9070929993
86,1990-10-13,30168.7525946221
86,1990-10-14,32005.155947049
86,1990-10-15,54237.3037279934
86,1990-10-16,80516.6675387726
86,1990-10-17,88020.6431681935
86,1990-10-18,96246.3975031108
86,1990-10-19,97177.8378555428
86,1990-10-20,101150.524100413
86,1990-10-21,101657.48344731
86,1990-10-22,95109.5787640431
86,1990-10-23,85348.8651122265
86,1990-10-24,77682.5726347496
86,1990-10-25,75995.0819787323
86,1990-10-26,71526.6601743668
86,1990-10-27,65109.1839717717
86,1990-10-28,63147.4784457462
86,1990-10-29,62795.6225402918
86,1990-10-30,59416.7043223677
86,1990-10-31,55802.4013737045
86,1990-11-01,49038.0251712778
86,1990-11-02,44824.1800355953
86,1990-11-03,41262.3503031257
86,1990-11-04,38502.8419017998
86,1990-11-05,36738.1835356218
86,1990-11-06,36125.8245347164
86,1990-11-07,41135.7246922886
86,1990-11-08,65474.5710729564
86,1990-11-09,82467.5743011861
86,1990-11-10,93079.356015282
86,1990-11-11,102599.388139296
86,1990-11-12,108057.727119821
86,1990-11-13,112837.650108935
86,1990-11-14,111399.188439509
86,1990-11-15,103742.558557602
86,1990-11-16,93405.2536703652
86,1990-11-17,86868.7039310622
86,1990-11-18,84285.964081755
86,1990-11-19,80778.8689599948
86,1990-11-20,78999.2426610931
86,1990-11-21,77799.5618948675
86,1990-11-22,75494.7752999197
86,1990-11-23,74831.1288663524
86,1990-11-24,67754.8816458515
86,1990-11-25,62394.255699267
86,1990-11-26,56962.352893313
86,1990-11-27,53557.7309671273
86,1990-11-28,50272.1280405878
86,1990-11-29,48009.547098995
86,1990-11-30,45399.8982299633
86,1990-12-01,52307.4601254327
86,1990-12-02,70881.8836440669
86,1990-12-03,89448.0309591741
86,1990-12-04,80168.8127466312
86,1990-12-05,87495.9148712424
86,1990-12-06,85857.6635403056
86,1990-12-07,90273.3272760896
86,1990-12-08,87279.3961693384
86,1990-12-09,80299.0830125968
86,1990-12-10,67974.605967908
86,1990-12-11,61223.8558788504
86,1990-12-12,57414.2291271104
86,1990-12-13,56959.3247686888
86,1990-12-14,52867.0154843712
86,1990-12-15,52518.323756847
86,1990-12-16,49083.8985997976
86,1990-12-17,49012.2540318064
86,1990-12-18,43615.802071215
86,1990-12-19,44068.3120900933
86,1990-12-20,39605.5813477629
86,1990-12-21,37475.3597317863
86,1990-12-22,33046.5559447621
86,1990-12-23,32713.705586717
86,1990-12-24,29702.7473528399
86,1990-12-25,31026.955655055
86,1990-12-26,32024.429337686
86,1990-12-27,37573.581681408
86,1990-12-28,40847.8190116504
86,1990-12-29,45148.5806393456
86,1990-12-30,48153.8460402032
86,1990-12-31,54414.2118750736
86,1991-01-01,55386.7618012248
86,1991-01-02,58545.0578052032
86,1991-01-03,54325.4676891912
86,1991-01-04,56527.4912319712
86,1991-01-05,52735.5471597496
86,1991-01-06,55192.6003220208
86,1991-01-07,52802.9468558992
86,1991-01-08,53506.145905316
86,1991-01-09,51269.4988198104
86,1991-01-10,50421.7387781816
86,1991-01-11,47555.3740891496
86,1991-01-12,43531.9163601627
86,1991-01-13,42098.4761148676
86,1991-01-14,35893.2558856186
86,1991-01-15,34565.4537210236
86,1991-01-16,29827.0501965677
86,1991-01-17,30631.9792067082
86,1991-01-18,28932.1149136426
86,1991-01-19,31481.8635372148
86,1991-01-20,33070.413686471
86,1991-01-21,38476.6693786601
86,1991-01-22,44300.8671304965
86,1991-01-23,49149.843970704
86,1991-01-24,52912.078315776
86,1991-01-25,57696.2980794144
86,1991-01-26,57669.4836812056
86,1991-01-27,58079.8996486712
86,1991-01-28,56645.2402887544
86,1991-01-29,56181.0653844752
86,1991-01-30,55270.048887908
86,1991-01-31,53634.613323424
86,1991-02-01,54419.2894215296
86,1991-02-02,53052.1144869384
86,1991-02-03,50954.808414064
86,1991-02-04,45809.1006763566
86,1991-02-05,40245.0394420324
86,1991-02-06,36423.1715172214
86,1991-02-07,32862.7046158222
86,1991-02-08,30332.5924102742
86,1991-02-09,29028.5721395246
86,1991-02-10,28847.1857154918
86,1991-02-11,33673.1478202872
86,1991-02-12,55223.2420645288
86,1991-02-13,72266.9643366664
86,1991-02-14,80883.7715297848
86,1991-02-15,87918.214220656
86,1991-02-16,89166.018339576
86,1991-02-17,91226.0273393864
86,1991-02-18,91778.4931129408
86,1991-02-19,85757.242628876
86,1991-02-20,78133.241023628
86,1991-02-21,69761.8977147384
86,1991-02-22,66419.6845049928
86,1991-02-23,61680.7252579032
86,1991-02-24,58289.4194771088
86,1991-02-25,55792.6794231312
86,1991-02-26,54811.3060291048
86,1991-02-27,50043.820094028
86,1991-02-28,45475.8416194503
86,1991-03-01,41406.6256479086
86,1991-03-02,38624.7712052374
86,1991-03-03,33913.8283400097
86,1991-03-04,30401.1726269612
86,1991-03-05,29635.5653057614
86,1991-03-06,29031.4807702786
86,1991-03-07,32506.1555118376
86,1991-03-08,53181.1022479752
86,1991-03-09,70535.2507520888
86,1991-03-10,80362.2167733752
86,1991-03-11,86554.1280802096
86,1991-03-12,87539.7849043744
86,1991-03-13,90532.8525996232
86,1991-03-14,91474.8744432568
86,1991-03-15,84942.8777667176
86,1991-03-16,73482.2446998704
86,1991-03-17,65249.9459329952
86,1991-03-18,64664.4191706272
86,1991-03-19,60923.589655088
86,1991-03-20,56993.5307916224
86,1991-03-21,54305.5822388312
86,1991-03-22,51523.2521386528
86,1991-03-23,49976.2260103952
86,1991-03-24,45549.5913132118
86,1991-03-25,40666.0438230115
86,1991-03-26,35652.232957713
86,1991-03-27,31671.0053826303
86,1991-03-28,29047.4355340325
86,1991-03-29,26784.3734535666
86,1991-03-30,26418.3771524688
86,1991-03-31,31950.5505204548
86,1991-04-01,51543.4229094888
86,1991-04-02,68466.51489768
86,1991-04-03,77996.5424684352
86,1991-04-04,84568.3741282136
86,1991-04-05,83362.6251286744
86,1991-04-06,92336.4371799144
86,1991-04-07,90560.841897156
86,1991-04-08,83445.856063304
86,1991-04-09,74962.6864027816
86,1991-04-10,67144.7452999184
86,1991-04-11,63641.4300033504
86,1991-04-12,60730.07732538
86,1991-04-13,57745.5626888288
86,1991-04-14,54525.2917875608
86,1991-04-15,51384.2083537787
86,1991-04-16,49264.0101719434
86,1991-04-17,44518.6662843817
86,1991-04-18,40001.4110202753
86,1991-04-19,37012.2452812199
86,1991-04-20,34134.1648801774
86,1991-04-21,30817.4829611328
86,1991-04-22,28610.7091560912
86,1991-04-23,28921.1422469534
86,1991-04-24,34124.6360773664
86,1991-04-25,54369.519949164
86,1991-04-26,72559.5952893264
86,1991-04-27,79603.3645458104
86,1991-04-28,87629.283664776
86,1991-04-29,87152.6033285048
86,1991-04-30,93420.9542987656
86,1991-05-01,94073.6449812992
86,1991-05-02,85660.8637540408
86,1991-05-03,74872.9326218824
86,1991-05-04,66375.7262867256
86,1991-05-05,62939.187695616
86,1991-05-06,62600.8496600248
86,1991-05-07,58782.182308112
86,1991-05-08,56805.8596126448
86,1991-05-09,54459.7967115144
86,1991-05-10,50150.2379863856
86,1991-05-11,44525.6860605904
86,1991-05-12,41474.0535147248
86,1991-05-13,39190.3096131792
86,1991-05-14,36423.6366623298
86,1991-05-15,35010.5037493796
86,1991-05-16,35310.0844851255
86,1991-05-17,35726.6828374884
86,1991-05-18,40796.1878400062
86,1991-05-19,59539.97677302
86,1991-05-20,77516.5168207416
86,1991-05-21,85855.9562331872
86,1991-05-22,92292.4722558656
86,1991-05-23,90515.5841881056
86,1991-05-24,93223.1624631144
86,1991-05-25,92415.4303728896
86,1991-05-26,84355.20617416
86,1991-05-27,75752.3706850496
86,1991-05-28,67520.0053194664
86,1991-05-29,64695.3609139664
86,1991-05-30,60892.144051932
86,1991-05-31,57914.2562756272
86,1991-06-01,53136.7789043192
86,1991-06-02,51770.210169704
86,1991-06-03,50281.9949541112
86,1991-06-04,46538.4397732552
86,1991-06-05,42618.366509232
86,1991-06-06,39521.850609672
86,1991-06-07,35830.2307329979
86,1991-06-08,32806.893559463
86,1991-06-09,30951.4909972898
86,1991-06-10,29855.9009710542
86,1991-06-11,29966.8286643539
86,1991-06-12,31805.1619206849
86,1991-06-13,34528.6087663051
86,1991-06-14,38559.2377893096
86,1991-06-15,42701.3248406832
86,1991-06-16,45711.7808146463
86,1991-06-17,50264.9242628168
86,1991-06-18,53492.44136082
86,1991-06-19,54346.6537431488
86,1991-06-20,52282.9141918696
86,1991-06-21,50309.9219656072
86,1991-06-22,50900.3047185192
86,1991-06-23,52256.6011599216
86,1991-06-24,50330.8690380752
86,1991-06-25,49473.2365083008
86,1991-06-26,48249.17573016
86,1991-06-27,46865.036564623
86,1991-06-28,43687.7209840844
86,1991-06-29,41033.9586923734
86,1991-06-30,38032.9742357248
86,1991-07-01,35908.9110976263
86,1991-07-02,31592.4293816897
86,1991-07-03,28955.8416700388
86,1991-07-04,28677.8780989743
86,1991-07-05,28201.5721808539
86,1991-07-06,28829.8465005317
86,1991-07-07,28703.7192341722
86,1991-07-08,32662.6071122577
86,1991-07-09,37707.642088785
86,1991-07-10,42564.133127904
86,1991-07-11,46889.9347650912
86,1991-07-12,49070.4034685024
86,1991-07-13,52395.3365965
86,1991-07-14,55136.8232492352
86,1991-07-15,54640.37766056
86,1991-07-16,54671.1476200112
86,1991-07-17,55312.7896367472
86,1991-07-18,53356.3116940936
86,1991-07-19,51979.3594550784
86,1991-07-20,50311.9822160014
86,1991-07-21,46292.1304239794
86,1991-07-22,43253.3621110765
86,1991-07-23,40307.0436358238
86,1991-07-24,37171.7084651643
86,1991-07-25,33305.2309030402
86,1991-07-26,30880.8025254655
86,1991-07-27,29176.6014875612
86,1991-07-28,29477.057990583
86,1991-07-29,33781.5489921849
86,1991-07-30,55709.8259611992
86,1991-07-31,72836.5212646504
86,1991-08-01,79390.304292516
86,1991-08-02,83847.9977510568
86,1991-08-03,82586.8863791896
86,1991-08-04,89311.4738051984
86,1991-08-05,90090.8336214816
86,1991-08-06,83655.3734075816
86,1991-08-07,75037.8009931352
86,1991-08-08,64345.9281211456
86,1991-08-09,60905.7621116544
86,1991-08-10,57935.254456604
86,1991-08-11,54901.753626088
86,1991-08-12,53220.1859784744
86,1991-08-13,53116.7295716848
86,1991-08-14,48399.0372387561
86,1991-08-15,44900.4069153236
86,1991-08-16,41647.1101624622
86,1991-08-17,38520.3851026707
86,1991-08-18,36196.6770114658
86,1991-08-19,33423.1396947462
86,1991-08-20,32938.3426392085
86,1991-08-21,28815.3222820318
86,1991-08-22,33304.2817387671
86,1991-08-23,53794.5991556336
86,1991-08-24,72324.902057952
86,1991-08-25,80303.8752608744
86,1991-08-26,85672.8206597624
86,1991-08-27,83661.0806810272
86,1991-08-28,88313.6779468648
86,1991-08-29,91323.9569397456
86,1991-08-30,85076.4362285712
86,1991-08-31,73140.5458832456
86,1991-09-01,64014.123374128
86,1991-09-02,60864.7955537328
86,1991-09-03,57203.4095609984
86,1991-09-04,55244.6803257352
86,1991-09-05,52074.3404578768
86,1991-09-06,50279.1676408896
86,1991-09-07,49256.5890594712
86,1991-09-08,44207.1532257305
86,1991-09-09,40711.074672344
86,1991-09-10,36846.2477372366
86,1991-09-11,31198.6517216102
86,1991-09-12,27474.1175019478
86,1991-09-13,26454.9718090081
86,1991-09-14,25532.1233717133
86,1991-09-15,31036.2723276151
86,1991-09-16,50650.0428007832
86,1991-09-17,68305.5589193808
86,1991-09-18,75805.8984354952
86,1991-09-19,79526.7823392864
86,1991-09-20,76540.694889088
86,1991-09-21,81551.42675614
86,1991-09-22,80618.8489113984
86,1991-09-23,73336.4005187896
86,1991-09-24,63554.0625430512
86,1991-09-25,55092.6060779208
86,1991-09-26,52813.3055573184
86,1991-09-27,50660.7873772984
86,1991-09-28,47754.1788083344
86,1991-09-29,45399.9969747064
86,1991-09-30,44384.6683905087
86,1991-10-01,42154.160903901
86,1991-10-02,38311.9376521921
86,1991-10-03,34952.713254276
86,1991-10-04,30711.8049193607
86,1991-10-05,27493.6180242919
86,1991-10-06,25398.2654592046
86,1991-10-07,24573.8800787848
86,1991-10-08,23953.8684174415
86,1991-10-09,30497.8435958786
86,1991-10-10,51378.821871804
86,1991-10-11,69994.2052267624
86,1991-10-12,74193.284350572
86,1991-10-13,77678.2678026072
86,1991-10-14,75699.1757894024
86,1991-10-15,79756.1285744768
86,1991-10-16,79761.1166035424
86,1991-10-17,73637.0468168984
86,1991-10-18,62498.870171292
86,1991-10-19,55072.8605425304
86,1991-10-20,54448.8630098048
86,1991-10-21,50863.8055671464
86,1991-10-22,49944.8911457064
86,1991-10-23,48313.8867270038
86,1991-10-24,45433.6391897132
86,1991-10-25,46743.778226619
86,1991-10-26,43379.5569222975
86,1991-10-27,39902.4701201613
86,1991-10-28,35692.359863704
86,1991-10-29,30818.633786501
86,1991-10-30,31599.9454048486
86,1991-10-31,27567.4377610855
86,1991-11-01,28136.7226224512
86,1991-11-02,33631.969161963
86,1991-11-03,49471.2856770224
86,1991-11-04,64139.6789588232
86,1991-11-05,70816.2093073192
86,1991-11-06,72766.9143101304
86,1991-11-07,68427.7565310096
86,1991-11-08,68818.3322990608
86,1991-11-09,68556.7879141336
86,1991-11-10,62721.5526885192
86,1991-11-11,53987.601515664
86,1991-11-12,48479.4026798408
86,1991-11-13,42758.0137605912
86,1991-11-14,42220.2797019219
86,1991-11-15,38303.625768647
86,1991-11-16,36347.3503746879
86,1991-11-17,37033.1633246445
86,1991-11-18,34643.1172300756
86,1991-11-19,34068.8649563443
86,1991-11-20,30985.2597466874
86,1991-11-21,29025.0078299889
86,1991-11-22,27472.8936971354
86,1991-11-23,24427.6802704298
86,1991-11-24,24529.7431053384
86,1991-11-25,21979.3478885355
86,1991-11-26,24037.561033194
86,1991-11-27,25360.9660795582
86,1991-11-28,26291.4925550304
86,1991-11-29,31008.2334111758
86,1991-11-30,31011.5341792508
86,1991-12-01,35254.869400635
86,1991-12-02,35150.4813337876
86,1991-12-03,37300.2308050648
86,1991-12-04,38076.4291141831
86,1991-12-05,37752.2102518804
86,1991-12-06,37177.5284769774
86,1991-12-07,35015.0985177528
86,1991-12-08,37228.5878658462
86,1991-12-09,34992.0006826286
86,1991-12-10,35011.0877982338
86,1991-12-11,34800.127368617
86,1991-12-12,32280.4374928338
86,1991-12-13,33392.8896942943
86,1991-12-14,29156.6421288635
86,1991-12-15,26090.0256145107
86,1991-12-16,27186.7250981083
86,1991-12-17,22875.9552303609
86,1991-12-18,23709.858282775
86,1991-12-19,21917.5192742018
86,1991-12-20,21782.3217847262
86,1991-12-21,23156.6636708062
86,1991-12-22,24021.8713944888
86,1991-12-23,27853.0495273461
86,1991-12-24,28611.2846603682
86,1991-12-25,32932.4904798709
86,1991-12-26,31245.9607021052
86,1991-12-27,36040.1104647314
86,1991-12-28,34510.4359915969
86,1991-12-29,36601.4570750718
86,1991-12-30,32838.8463127501
86,1991-12-31,37653.0874098243
86,1992-01-01,33750.1137719604
86,1992-01-02,36951.3044315514
86,1992-01-03,35758.7091310747
86,1992-01-04,32441.9216310092
86,1992-01-05,30715.3722190428
86,1992-01-06,28830.6392488302
86,1992-01-07,26542.7428998874
86,1992-01-08,26224.9394940352
86,1992-01-09,23487.2596901422
86,1992-01-10,20869.4427707256
86,1992-01-11,19798.7808479092
86,1992-01-12,19097.2331022299
86,1992-01-13,23428.665707596
86,1992-01-14,37113.1166353608
86,1992-01-15,51213.0634725576
86,1992-01-16,55277.6625269392
86,1992-01-17,61563.380867348
86,1992-01-18,57839.5059141216
86,1992-01-19,62107.3612556344
86,1992-01-20,62452.6576007656
86,1992-01-21,57675.4782801096
86,1992-01-22,49158.0450114856
86,1992-01-23,43284.8145253952
86,1992-01-24,37339.0037158782
86,1992-01-25,37805.5552525038
86,1992-01-26,36243.733728171
86,1992-01-27,37187.2589706422
86,1992-01-28,32884.5171422192
86,1992-01-29,33438.2592081804
86,1992-01-30,29468.7130336662
86,1992-01-31,29721.5613636841
86,1992-02-01,25637.1672299351
86,1992-02-02,25900.079325885
86,1992-02-03,21456.6166101249
86,1992-02-04,22950.3866582652
86,1992-02-05,20403.9190465527
86,1992-02-06,26631.8360731586
86,1992-02-07,36782.569586704
86,1992-02-08,50708.2431174608
86,1992-02-09,51507.191256164
86,1992-02-10,58424.2179190544
86,1992-02-11,52840.300800172
86,1992-02-12,59090.6441107432
86,1992-02-13,59571.8608801832
86,1992-02-14,52964.5428337368
86,1992-02-15,46270.4166128552
86,1992-02-16,36645.328711168
86,1992-02-17,35733.0828353592
86,1992-02-18,33247.3885718446
86,1992-02-19,33239.893953377
86,1992-02-20,33710.2608419967
86,1992-02-21,31312.2601613374
86,1992-02-22,30134.7510825724
86,1992-02-23,28624.1242898662
86,1992-02-24,25512.0562762593
86,1992-02-25,25495.0009922664
86,1992-02-26,21786.7389778363
86,1992-02-27,20951.449648164
86,1992-02-28,19712.3305390738
86,1992-02-29,18701.4299155234
86,1992-03-01,23591.5309468627
86,1992-03-02,35423.7373017328
86,1992-03-03,44136.1462784904
86,1992-03-04,47695.236841084
86,1992-03-05,47137.828777592
86,1992-03-06,46683.6742033576
86,1992-03-07,47433.0979295856
86,1992-03-08,50014.8651401504
86,1992-03-09,46478.6126349744
86,1992-03-10,39609.9650426928
86,1992-03-11,35301.3571607885
86,1992-03-12,33985.4281568736
86,1992-03-13,34710.8743226076
86,1992-03-14,32660.6278540922
86,1992-03-15,33871.3956482345
86,1992-03-16,30761.7805038047
86,1992-03-17,30199.0806604495
86,1992-03-18,27877.1825106982
86,1992-03-19,24632.6273757282
86,1992-03-20,23710.4094782242
86,1992-03-21,20482.3005585
86,1992-03-22,17392.247801066
86,1992-03-23,18204.6655681173
86,1992-03-24,16945.3567570918
86,1992-03-25,18923.7900572027
86,1992-03-26,26469.404396408
86,1992-03-27,32930.7149380527
86,1992-03-28,36777.7257555063
86,1992-03-29,37958.727424128
86,1992-03-30,37925.078592118
86,1992-03-31,39971.221267248
86,1992-04-01,40344.583589528
86,1992-04-02,37008.7851124896
86,1992-04-03,30729.9760533214
86,1992-04-04,28009.0120839479
86,1992-04-05,26971.8998738246
86,1992-04-06,27949.2130317834
86,1992-04-07,27066.4879752142
86,1992-04-08,26401.0578659432
86,1992-04-09,25821.8547308598
86,1992-04-10,24671.5690000122
86,1992-04-11,22633.3533838585
86,1992-04-12,21251.0148564015
86,1992-04-13,20521.9204780175
86,1992-04-14,18799.4118906201
86,1992-04-15,17496.1720957414
86,1992-04-16,16064.0525533449
86,1992-04-17,15887.4291769845
86,1992-04-18,17293.7493130048
86,1992-04-19,21540.9535892688
86,1992-04-20,24396.6559263117
86,1992-04-21,26817.558979233
86,1992-04-22,26400.5517045586
86,1992-04-23,24812.8991261111
86,1992-04-24,24986.429373407
86,1992-04-25,24604.6755602619
86,1992-04-26,22802.0048032646
86,1992-04-27,22827.461449341
86,1992-04-28,22535.1652539897
86,1992-04-29,21558.4184014982
86,1992-04-30,20892.1785522974
86,1992-05-01,20476.8386095788
86,1992-05-02,20362.3851601706
86,1992-05-03,20327.9119084554
86,1992-05-04,19343.3919492918
86,1992-05-05,19172.2822426399
86,1992-05-06,19308.1770420906
86,1992-05-07,18235.2158408989
86,1992-05-08,17360.1292999961
86,1992-05-09,15575.5457390702
86,1992-05-10,14152.2287840769
86,1992-05-11,14173.574030284
86,1992-05-12,15184.2571152166
86,1992-05-13,21113.7700562961
86,1992-05-14,22428.7219932008
86,1992-05-15,24044.6384711804
86,1992-05-16,24845.3285150206
86,1992-05-17,25715.0378206406
86,1992-05-18,26736.9558577909
86,1992-05-19,27779.443199432
86,1992-05-20,28273.878623633
86,1992-05-21,28976.2649244173
86,1992-05-22,28739.6757915154
86,1992-05-23,28455.0234171897
86,1992-05-24,28431.8979072291
86,1992-05-25,28827.161451097
86,1992-05-26,27726.6616096768
86,1992-05-27,27933.4009223944
86,1992-05-28,27631.7642496874
86,1992-05-29,26679.6533391235
86,1992-05-30,25649.0630203171
86,1992-05-31,24691.2629065981
86,1992-06-01,24209.6257053925
86,1992-06-02,23880.9314253817
86,1992-06-03,22541.6218087973
86,1992-06-04,21776.7118604184
86,1992-06-05,21336.5429325231
86,1992-06-06,21393.8461456908
86,1992-06-07,22726.8208261167
86,1992-06-08,23928.4070227903
86,1992-06-09,24331.9926443513
86,1992-06-10,20298.5785978321
86,1992-06-11,18775.3974358224
86,1992-06-12,19348.0319328492
86,1992-06-13,20638.2213860901
86,1992-06-14,22230.2155343047
86,1992-06-15,21667.7365766725
86,1992-06-16,23316.099410663
86,1992-06-17,22862.0538622049
86,1992-06-18,23406.8806890231
86,1992-06-19,22697.6289238541
86,1992-06-20,22619.4673022465
86,1992-06-21,22160.2192374244
86,1992-06-22,20476.1103711606
86,1992-06-23,19904.3884634102
86,1992-06-24,17994.4665800679
86,1992-06-25,16211.569747946
86,1992-06-26,15064.0674236167
86,1992-06-27,14051.7463566904
86,1992-06-28,13486.7421531532
86,1992-06-29,13983.5054797409
86,1992-06-30,14715.4081993498
86,1992-07-01,16112.6385305266
86,1992-07-02,16822.1934988858
86,1992-07-03,18654.7179457569
86,1992-07-04,19229.0259333224
86,1992-07-05,20141.3810194462
86,1992-07-06,21200.7818662394
86,1992-07-07,21890.3866091403
86,1992-07-08,22225.133018731
86,1992-07-09,22939.5215940498
86,1992-07-10,23633.1449696473
86,1992-07-11,23304.4747976387
86,1992-07-12,23417.8320737869
86,1992-07-13,22635.1354424842
86,1992-07-14,22240.1193954226
86,1992-07-15,21501.0335763342
86,1992-07-16,20152.0105703094
86,1992-07-17,18642.4906413599
86,1992-07-18,17647.02156559
86,1992-07-19,15913.8466185788
86,1992-07-20,14536.8358715742
86,1992-07-21,13743.0758538782
86,1992-07-22,13321.254941576
86,1992-07-23,14209.9249061791
86,1992-07-24,14941.5933084964
86,1992-07-25,16298.6518408079
86,1992-07-26,18673.3399317008
86,1992-07-27,21439.6325678588
86,1992-07-28,23718.6827455464
86,1992-07-29,23734.5705371209
86,1992-07-30,24990.9194663047
86,1992-07-31,25603.1853905766
86,1992-08-01,24600.6960965622
86,1992-08-02,25684.4232308106
86,1992-08-03,27233.7603295413
86,1992-08-04,27314.1673784206
86,1992-08-05,26203.32291838
86,1992-08-06,25719.3026821934
86,1992-08-07,24921.4377873509
86,1992-08-08,24970.1214636694
86,1992-08-09,23696.5433821604
86,1992-08-10,22344.461735363
86,1992-08-11,20946.8209498516
86,1992-08-12,19607.0155560752
86,1992-08-13,17946.6409248598
86,1992-08-14,17525.9979822591
86,1992-08-15,17418.0672620104
86,1992-08-16,17959.6794286586
86,1992-08-17,19334.4023885391
86,1992-08-18,21867.1261673777
86,1992-08-19,24377.7581544869
86,1992-08-20,26851.2492249025
86,1992-08-21,27849.0220592113
86,1992-08-22,30094.4457142356
86,1992-08-23,30372.3416578938
86,1992-08-24,28899.4624916624
86,1992-08-25,28352.6187606001
86,1992-08-26,28100.6051174528
86,1992-08-27,28215.0745391577
86,1992-08-28,27934.237657768
86,1992-08-29,27383.7554207629
86,1992-08-30,27738.8630342407
86,1992-08-31,28204.7269744452
86,1992-09-01,26286.5729123213
86,1992-09-02,24352.95976251
86,1992-09-03,22965.4293766963
86,1992-09-04,22478.5001110478
86,1992-09-05,19878.3226324822
86,1992-09-06,18504.5045894615
86,1992-09-07,17322.6954348469
86,1992-09-08,16273.4289124426
86,1992-09-09,16296.6312203766
86,1992-09-10,18311.1403436899
86,1992-09-11,21070.0605985911
86,1992-09-12,23790.3858162762
86,1992-09-13,23778.6207850225
86,1992-09-14,25567.2345268709
86,1992-09-15,27734.5653109642
86,1992-09-16,28055.1488550243
86,1992-09-17,28079.6565864072
86,1992-09-18,27576.1171332535
86,1992-09-19,28270.9001278075
86,1992-09-20,27378.4725135302
86,1992-09-21,26483.6735235269
86,1992-09-22,27544.4749240786
86,1992-09-23,27030.959256015
86,1992-09-24,26585.6690172599
86,1992-09-25,26611.2219291001
86,1992-09-26,24389.6895044089
86,1992-09-27,22038.799701328
86,1992-09-28,21501.0864312496
86,1992-09-29,19083.0930721735
86,1992-09-30,18215.9848866507
86,1992-10-01,17021.0881682639
86,1992-10-02,15807.8813457963
86,1992-10-03,16374.7605552302
86,1992-10-04,17422.6724134274
86,1992-10-05,19861.0571738955
86,1992-10-06,22401.8438447217
86,1992-10-07,23639.3061095023
86,1992-10-08,24356.7213264537
86,1992-10-09,25165.5051387315
86,1992-10-10,25465.0926432355
86,1992-10-11,26454.8512210114
86,1992-10-12,25020.6430431561
86,1992-10-13,23902.1004020438
86,1992-10-14,23502.6313340994
86,1992-10-15,22863.6643171812
86,1992-10-16,21647.4600146651
86,1992-10-17,21278.5652492362
86,1992-10-18,20755.1847592101
86,1992-10-19,20180.9947390499
86,1992-10-20,19797.1343986522
86,1992-10-21,18850.1243527004
86,1992-10-22,18190.986129874
86,1992-10-23,16869.6288648767
86,1992-10-24,15704.1399370836
86,1992-10-25,14784.620869609
86,1992-10-26,13976.5904122313
86,1992-10-27,14012.650515125
86,1992-10-28,14051.6636389318
86,1992-10-29,14764.4262085548
86,1992-10-30,15900.6246864233
86,1992-10-31,17985.5599622684
86,1992-11-01,20102.6031247815
86,1992-11-02,22012.264400605
86,1992-11-03,22828.6447934661
86,1992-11-04,24594.2946201317
86,1992-11-05,25318.7808910212
86,1992-11-06,24799.7568983292
86,1992-11-07,26044.4700699707
86,1992-11-08,25734.5574894814
86,1992-11-09,26225.8685916451
86,1992-11-10,25705.8805960704
86,1992-11-11,26067.5589804682
86,1992-11-12,25751.9466717536
86,1992-11-13,23849.3876199238
86,1992-11-14,21562.8820771331
86,1992-11-15,20420.5154042379
86,1992-11-16,19032.9129111015
86,1992-11-17,17862.727475871
86,1992-11-18,16548.4151067517
86,1992-11-19,16170.4554283014
86,1992-11-20,15980.6628048199
86,1992-11-21,16184.7905306265
86,1992-11-22,18150.3625003638
86,1992-11-23,19275.6394530212
86,1992-11-24,20394.1937660674
86,1992-11-25,22101.9550348452
86,1992-11-26,24495.6114114742
86,1992-11-27,26081.4547699399
86,1992-11-28,26150.4260294647
86,1992-11-29,27837.6818620046
86,1992-11-30,27521.4025266314
86,1992-12-01,26461.1588350943
86,1992-12-02,26606.6543006553
86,1992-12-03,27233.5061326947
86,1992-12-04,27635.3654327766
86,1992-12-05,26539.7961771696
86,1992-12-06,25321.2493862098
86,1992-12-07,23790.4483372052
86,1992-12-08,22250.5552285401
86,1992-12-09,21003.2515473966
86,1992-12-10,19804.818662652
86,1992-12-11,17871.791463867
86,1992-12-12,17230.2314409796
86,1992-12-13,16807.655132952
86,1992-12-14,16693.3508821574
86,1992-12-15,16996.8802594124
86,1992-12-16,19416.1029185686
86,1992-12-17,22224.5524635946
86,1992-12-18,23807.7552432683
86,1992-12-19,25446.9666173956
86,1992-12-20,27278.762130159
86,1992-12-21,29072.3678280223
86,1992-12-22,30504.2953418854
86,1992-12-23,30682.6710728703
86,1992-12-24,30168.1865808934
86,1992-12-25,29858.9782393385
86,1992-12-26,28894.8135686544
86,1992-12-27,28499.380318964
86,1992-12-28,28814.2249203177
86,1992-12-29,27101.3338383067
86,1992-12-30,26732.0781953504
86,1992-12-31,24864.0666503266
86,1993-01-01,22244.8379180305
86,1993-01-02,20747.0028378291
86,1993-01-03,18484.2597823579
86,1993-01-04,16768.0521339305
86,1993-01-05,16424.5717869867
86,1993-01-06,15742.9764695834
86,1993-01-07,18206.6408661071
86,1993-01-08,27849.8046451092
86,1993-01-09,35989.3963631984
86,1993-01-10,39735.3908293608
86,1993-01-11,44037.764536072
86,1993-01-12,46568.6838438544
86,1993-01-13,48831.3367866712
86,1993-01-14,50967.0715030592
86,1993-01-15,48968.1527940928
86,1993-01-16,42708.2392788552
86,1993-01-17,37191.4507961584
86,1993-01-18,34996.8636453383
86,1993-01-19,35480.4433831814
86,1993-01-20,33813.3694204866
86,1993-01-21,30848.774546535
86,1993-01-22,29975.5982339419
86,1993-01-23,29963.9003527497
86,1993-01-24,27607.7985521452
86,1993-01-25,24792.1588647997
86,1993-01-26,23303.715535319
86,1993-01-27,20890.7327344228
86,1993-01-28,18515.3841584082
86,1993-01-29,18331.9862101862
86,1993-01-30,18569.8486828106
86,1993-01-31,22750.0045807609
86,1993-02-01,37968.2735586366
86,1993-02-02,50746.8209397208
86,1993-02-03,57359.3049802488
86,1993-02-04,62248.8067916536
86,1993-02-05,63315.9523449088
86,1993-02-06,65428.424191096
86,1993-02-07,65532.985584788
86,1993-02-08,62734.5247707064
86,1993-02-09,52272.3779755448
86,1993-02-10,43950.10114266
86,1993-02-11,42766.868728084
86,1993-02-12,40088.3145877696
86,1993-02-13,37992.8141590666
86,1993-02-14,37914.2495755192
86,1993-02-15,36212.2723857174
86,1993-02-16,35050.5956412827
86,1993-02-17,31179.654036136
86,1993-02-18,27818.5182971888
86,1993-02-19,26068.7756114525
86,1993-02-20,23589.5248133167
86,1993-02-21,21468.3051541797
86,1993-02-22,20843.1397308746
86,1993-02-23,20406.7038049099
86,1993-02-24,25379.0044753924
86,1993-02-25,41403.0175037654
86,1993-02-26,53865.3538246352
86,1993-02-27,58150.8375687192
86,1993-02-28,63871.6068582848
86,1993-03-01,65286.0100988576
86,1993-03-02,71860.8604570368
86,1993-03-03,70495.5467738888
86,1993-03-04,65613.8898157016
86,1993-03-05,53550.7374656944
86,1993-03-06,44919.7416162886
86,1993-03-07,43110.4532818214
86,1993-03-08,39991.7515010255
86,1993-03-09,39543.9727964978
86,1993-03-10,38222.0151053198
86,1993-03-11,38141.738113811
86,1993-03-12,35597.4805061206
86,1993-03-13,31792.4178112062
86,1993-03-14,28448.5885675889
86,1993-03-15,26367.8536253977
86,1993-03-16,23087.8955341761
86,1993-03-17,21508.4939629165
86,1993-03-18,20063.5904515712
86,1993-03-19,20411.7161157323
86,1993-03-20,24864.6730973991
86,1993-03-21,42038.1442000976
86,1993-03-22,55457.7573890704
86,1993-03-23,60748.0042614472
86,1993-03-24,67098.4948909848
86,1993-03-25,68015.164501308
86,1993-03-26,70865.5310549712
86,1993-03-27,70719.9635362048
86,1993-03-28,63011.8796770232
86,1993-03-29,51604.3248731392
86,1993-03-30,44103.8272955752
86,1993-03-31,41607.8066027136
86,1993-04-01,41004.425683742
86,1993-04-02,40550.4149097182
86,1993-04-03,40956.7408404405
86,1993-04-04,38546.73367977
86,1993-04-05,36440.8588316133
86,1993-04-06,34790.022419639
86,1993-04-07,32128.1394980554
86,1993-04-08,30236.0312703738
86,1993-04-09,27345.8548832115
86,1993-04-10,24921.4949563274
86,1993-04-11,22680.4148419006
86,1993-04-12,21741.2344701933
86,1993-04-13,21444.6865621491
86,1993-04-14,22939.2574145074
86,1993-04-15,26122.2813873764
86,1993-04-16,29728.8201680009
86,1993-04-17,33702.9079546558
86,1993-04-18,35258.4325955551
86,1993-04-19,37460.5513272694
86,1993-04-20,39637.4815751333
86,1993-04-21,40900.2519633076
86,1993-04-22,40550.0069158637
86,1993-04-23,40380.3421635902
86,1993-04-24,40032.1585583766
86,1993-04-25,40349.4116802972
86,1993-04-26,38902.1077054013
86,1993-04-27,40225.0151909723
86,1993-04-28,38955.1450866157
86,1993-04-29,35681.5372515575
86,1993-04-30,34216.7953933114
86,1993-05-01,32224.9234854686
86,1993-05-02,29815.9339489902
86,1993-05-03,28167.1334564968
86,1993-05-04,26203.6477170232
86,1993-05-05,24066.7431331935
86,1993-05-06,23397.9007594051
86,1993-05-07,23111.6033855416
86,1993-05-08,23747.7548115545
86,1993-05-09,26277.7296885506
86,1993-05-10,30809.660048414
86,1993-05-11,34010.4826300942
86,1993-05-12,37324.7236185678
86,1993-05-13,40785.3395915351
86,1993-05-14,43454.4341327022
86,1993-05-15,45943.6605867653
86,1993-05-16,48492.2467927954
86,1993-05-17,46261.0376739348
86,1993-05-18,46770.4913990171
86,1993-05-19,44970.6131673028
86,1993-05-20,47440.0821068827
86,1993-05-21,44408.3936892491
86,1993-05-22,43246.6978823738
86,1993-05-23,40382.4839336479
86,1993-05-24,37690.5305212655
86,1993-05-25,35836.8793940635
86,1993-05-26,30440.0577979946
86,1993-05-27,27988.3122124946
86,1993-05-28,24342.043365983
86,1993-05-29,24663.8929918874
86,1993-05-30,24693.1987937312
86,1993-05-31,29764.5961808883
86,1993-06-01,51098.782322835
86,1993-06-02,65434.8386783824
86,1993-06-03,75500.239680888
86,1993-06-04,80879.4300034976
86,1993-06-05,82928.1620951568
86,1993-06-06,86484.1143481464
86,1993-06-07,84129.6833990632
86,1993-06-08,80838.7501040504
86,1993-06-09,69806.6201112808
86,1993-06-10,60442.3024586672
86,1993-06-11,57893.21600904
86,1993-06-12,55520.5317397622
86,1993-06-13,52585.4426415294
86,1993-06-14,49760.1230178576
86,1993-06-15,48224.3895726051
86,1993-06-16,45987.5106253768
86,1993-06-17,41514.9412587713
86,1993-06-18,37703.547701243
86,1993-06-19,34145.7694892091
86,1993-06-20,31531.4130174762
86,1993-06-21,28465.9837421382
86,1993-06-22,27146.7801149911
86,1993-06-23,27335.1941344766
86,1993-06-24,33151.0882125876
86,1993-06-25,51936.6683676168
86,1993-06-26,68482.5571078824
86,1993-06-27,75787.5757145976
86,1993-06-28,83365.344438132
86,1993-06-29,84502.5216588808
86,1993-06-30,87032.3967149064
86,1993-07-01,88326.3514408744
86,1993-07-02,83532.08883732
86,1993-07-03,70753.7981024832
86,1993-07-04,63151.9645939136
86,1993-07-05,60456.7452594424
86,1993-07-06,57841.0671446918
86,1993-07-07,54575.0891942957
86,1993-07-08,51863.7132987236
86,1993-07-09,49946.726235241
86,1993-07-10,47080.8806361357
86,1993-07-11,41783.4985091235
86,1993-07-12,37975.9831458312
86,1993-07-13,33167.9575359541
86,1993-07-14,30038.4872465786
86,1993-07-15,27638.9893861287
86,1993-07-16,26282.5366174521
86,1993-07-17,25804.474073916
86,1993-07-18,31381.8803635812
86,1993-07-19,51816.207157936
86,1993-07-20,66859.0851735672
86,1993-07-21,77189.127047896
86,1993-07-22,82692.4247366896
86,1993-07-23,81659.9104699456
86,1993-07-24,86444.3627257544
86,1993-07-25,82859.1099693504
86,1993-07-26,77384.7079978424
86,1993-07-27,67721.783124136
86,1993-07-28,60678.9702178504
86,1993-07-29,57547.7550390976
86,1993-07-30,55569.3861947048
86,1993-07-31,53176.3423346913
86,1993-08-01,50684.4548609903
86,1993-08-02,50346.5944434531
86,1993-08-03,47423.5524651702
86,1993-08-04,40776.9921127139
86,1993-08-05,36440.929459847
86,1993-08-06,32896.3401568619
86,1993-08-07,30102.556973507
86,1993-08-08,27515.3883096298
86,1993-08-09,26094.477153448
86,1993-08-10,27032.689575712
86,1993-08-11,32997.0899116764
86,1993-08-12,53806.5183184303
86,1993-08-13,68904.8849867472
86,1993-08-14,76661.0367627656
86,1993-08-15,82263.8725986968
86,1993-08-16,81962.4364071872
86,1993-08-17,85987.0723373728
86,1993-08-18,88519.8209660352
86,1993-08-19,79226.4488611992
86,1993-08-20,67510.029868348
86,1993-08-21,57696.8358757184
86,1993-08-22,54627.9570856147
86,1993-08-23,53143.3303741644
86,1993-08-24,51379.9637319408
86,1993-08-25,49175.2207327424
86,1993-08-26,45505.5087511477
86,1993-08-27,42858.7601207374
86,1993-08-28,41231.2164355993
86,1993-08-29,36984.8365376799
86,1993-08-30,32155.105300897
86,1993-08-31,28955.142221195
86,1993-09-01,26034.3763539313
86,1993-09-02,24392.7960868316
86,1993-09-03,24334.842876976
86,1993-09-04,29914.2070537451
86,1993-09-05,51495.8634255363
86,1993-09-06,67809.5029824664
86,1993-09-07,75192.0543942912
86,1993-09-08,78875.741296092
86,1993-09-09,76366.0571778928
86,1993-09-10,83394.8767816848
86,1993-09-11,82946.5869673048
86,1993-09-12,76679.6127079024
86,1993-09-13,64796.9159851368
86,1993-09-14,56124.6925508064
86,1993-09-15,53280.2277207295
86,1993-09-16,48221.6286284691
86,1993-09-17,46033.7933802386
86,1993-09-18,45625.5385754832
86,1993-09-19,44094.7218700678
86,1993-09-20,41101.2122177518
86,1993-09-21,39541.8219099215
86,1993-09-22,36369.9526048143
86,1993-09-23,32676.8665093902
86,1993-09-24,30031.2260155478
86,1993-09-25,26716.3003620758
86,1993-09-26,24675.8822436703
86,1993-09-27,24103.0226648441
86,1993-09-28,25035.9070973915
86,1993-09-29,26755.6396607124
86,1993-09-30,29912.3231107327
86,1993-10-01,34991.4354060407
86,1993-10-02,39918.8050138474
86,1993-10-03,43022.1718922614
86,1993-10-04,46200.3026123085
86,1993-10-05,48614.9975574886
86,1993-10-06,48804.0441704865
86,1993-10-07,47338.928369284
86,1993-10-08,47443.2423149717
86,1993-10-09,48256.2882745212
86,1993-10-10,46432.6056646353
86,1993-10-11,44573.0494184329
86,1993-10-12,44424.9434151886
86,1993-10-13,42881.4702529126
86,1993-10-14,42708.612405042
86,1993-10-15,41804.7920207087
86,1993-10-16,38624.9612089036
86,1993-10-17,35508.1762990698
86,1993-10-18,31981.713641701
86,1993-10-19,29676.6832084942
86,1993-10-20,27855.2414638655
86,1993-10-21,25890.2912089106
86,1993-10-22,25271.1146910467
86,1993-10-23,25763.4395476568
86,1993-10-24,29307.4365537688
86,1993-10-25,35653.1385122146
86,1993-10-26,40418.776288875
86,1993-10-27,44502.1688865296
86,1993-10-28,48511.7502389392
86,1993-10-29,51597.4347213168
86,1993-10-30,52835.3844872136
86,1993-10-31,54001.4360078352
86,1993-11-01,52162.6601891568
86,1993-11-02,51823.4951687288
86,1993-11-03,49528.3518978664
86,1993-11-04,48228.8106500466
86,1993-11-05,46465.7798740064
86,1993-11-06,45900.6973825219
86,1993-11-07,43597.9012224144
86,1993-11-08,39031.1814375378
86,1993-11-09,33858.0640772898
86,1993-11-10,30378.5349757222
86,1993-11-11,27570.6669673324
86,1993-11-12,24791.5681836043
86,1993-11-13,23937.9780587094
86,1993-11-14,25371.3635984986
86,1993-11-15,31794.2548090779
86,1993-11-16,53095.1150420736
86,1993-11-17,70836.8684679448
86,1993-11-18,80240.2027742216
86,1993-11-19,86194.2821428032
86,1993-11-20,88114.5164075792
86,1993-11-21,91497.4152101528
86,1993-11-22,91236.6270063744
86,1993-11-23,86146.0638545632
86,1993-11-24,75096.5574530664
86,1993-11-25,65621.99385424
86,1993-11-26,61962.9887469416
86,1993-11-27,58191.7738114632
86,1993-11-28,55610.9981135728
86,1993-11-29,52916.7977128627
86,1993-11-30,51392.656427464
86,1993-12-01,47291.6239309672
86,1993-12-02,44060.005173595
86,1993-12-03,40101.0137710937
86,1993-12-04,36330.3357974111
86,1993-12-05,33388.6831891734
86,1993-12-06,30884.9980694003
86,1993-12-07,29121.5671083131
86,1993-12-08,28727.9220994497
86,1993-12-09,32877.6635079134
86,1993-12-10,52992.3943543568
86,1993-12-11,70739.9362699944
86,1993-12-12,79420.9013540576
86,1993-12-13,87514.4413493432
86,1993-12-14,89891.3917125496
86,1993-12-15,92363.0480677736
86,1993-12-16,89571.9021512672
86,1993-12-17,85473.4071782992
86,1993-12-18,77338.4303250472
86,1993-12-19,69810.4947949
86,1993-12-20,66369.9103415688
86,1993-12-21,64685.8944700544
86,1993-12-22,60561.4281940914
86,1993-12-23,56976.1812415431
86,1993-12-24,55580.168864625
86,1993-12-25,51060.4606017164
86,1993-12-26,45823.6167069014
86,1993-12-27,40641.5720907048
86,1993-12-28,36518.3919525201
86,1993-12-29,32445.8509596401
86,1993-12-30,30447.4448016243
86,1993-12-31,30336.5969464962
86,1994-01-01,30074.8355311035
86,1994-01-02,35615.377320346
86,1994-01-03,56472.9199867152
86,1994-01-04,74758.2779350168
86,1994-01-05,80625.1526162792
86,1994-01-06,84952.9525772504
86,1994-01-07,85951.8123164376
86,1994-01-08,90552.3152312704
86,1994-01-09,90306.2492778224
86,1994-01-10,83041.81393616
86,1994-01-11,76304.7726429712
86,1994-01-12,66001.0979467928
86,1994-01-13,62987.5188740888
86,1994-01-14,60288.0084146944
86,1994-01-15,57135.185040596
86,1994-01-16,54699.2100331158
86,1994-01-17,52807.2609724549
86,1994-01-18,50730.9144623254
86,1994-01-19,46539.1639033325
86,1994-01-20,40666.3380204709
86,1994-01-21,34759.7083678666
86,1994-01-22,31370.574928348
86,1994-01-23,29680.0249892418
86,1994-01-24,28741.3249305077
86,1994-01-25,28500.8072660482
86,1994-01-26,35317.7366610207
86,1994-01-27,55254.2155614856
86,1994-01-28,72645.522534856
86,1994-01-29,80896.9201588616
86,1994-01-30,86851.6217191392
86,1994-01-31,87708.6136229352
86,1994-02-01,93628.1652568496
86,1994-02-02,91876.7819594768
86,1994-02-03,87007.9134932408
86,1994-02-04,75656.4035473904
86,1994-02-05,66156.054788556
86,1994-02-06,62986.3005599
86,1994-02-07,59824.6534391176
86,1994-02-08,57246.760555292
86,1994-02-09,54641.565519756
86,1994-02-10,53266.7233689536
86,1994-02-11,50580.1322676598
86,1994-02-12,45983.4406973489
86,1994-02-13,42238.8276342399
86,1994-02-14,38320.2650878456
86,1994-02-15,34378.5520877666
86,1994-02-16,31930.5232830729
86,1994-02-17,31510.4252539915
86,1994-02-18,30830.2304040093
86,1994-02-19,35902.6694894065
86,1994-02-20,55222.4361600856
86,1994-02-21,73560.8192202864
86,1994-02-22,80111.0170043776
86,1994-02-23,83003.7282360448
86,1994-02-24,81437.1415329008
86,1994-02-25,84477.9010266632
86,1994-02-26,83847.3910913032
86,1994-02-27,76707.984791524
86,1994-02-28,63239.8400577288
86,1994-03-01,56832.0564421264
86,1994-03-02,56307.9055180744
86,1994-03-03,53412.4117278864
86,1994-03-04,50746.7271651073
86,1994-03-05,48662.2912357802
86,1994-03-06,48201.7781088864
86,1994-03-07,46673.4599152176
86,1994-03-08,44128.2319853342
86,1994-03-09,41771.586555893
86,1994-03-10,37995.3978191008
86,1994-03-11,34546.8286466307
86,1994-03-12,32936.9316051334
86,1994-03-13,30847.339904019
86,1994-03-14,29459.9216647106
86,1994-03-15,29911.5526928674
86,1994-03-16,31444.8274522306
86,1994-03-17,35694.5217887709
86,1994-03-18,39791.4957955622
86,1994-03-19,42715.0492520405
86,1994-03-20,47104.1085872001
86,1994-03-21,49775.489766012
86,1994-03-22,52201.7532235804
86,1994-03-23,54156.0641428612
86,1994-03-24,52505.7928120859
86,1994-03-25,52525.4875027046
86,1994-03-26,52706.9843932134
86,1994-03-27,52141.7093656176
86,1994-03-28,50541.7815260822
86,1994-03-29,49768.6063374618
86,1994-03-30,48578.7435254286
86,1994-03-31,47224.9466677704
86,1994-04-01,44891.5788128376
86,1994-04-02,42296.2463323208
86,1994-04-03,39147.6168169928
86,1994-04-04,36170.3451848482
86,1994-04-05,33863.0841928086
86,1994-04-06,32177.0694110466
86,1994-04-07,29927.82273509
86,1994-04-08,28949.3031707125
86,1994-04-09,30533.1906250331
86,1994-04-10,33938.9425434049
86,1994-04-11,38569.1091302185
86,1994-04-12,43021.2513830448
86,1994-04-13,46883.1780507056
86,1994-04-14,51258.8253294456
86,1994-04-15,54241.9355271856
86,1994-04-16,54742.0831578
86,1994-04-17,55396.6317727568
86,1994-04-18,53526.3873866896
86,1994-04-19,53737.4362672176
86,1994-04-20,52364.533817812
86,1994-04-21,50889.49933232
86,1994-04-22,50394.977643036
86,1994-04-23,48893.2491454576
86,1994-04-24,48200.2088719328
86,1994-04-25,43254.819387976
86,1994-04-26,38513.9318624585
86,1994-04-27,34113.200804328
86,1994-04-28,30901.9029864102
86,1994-04-29,28659.3591928427
86,1994-04-30,27662.7646429318
86,1994-05-01,28239.0834165697
86,1994-05-02,35152.3806511254
86,1994-05-03,57627.265319036
86,1994-05-04,74043.0579206064
86,1994-05-05,83177.8496552008
86,1994-05-06,86441.4647890464
86,1994-05-07,90771.490574464
86,1994-05-08,93503.7616668152
86,1994-05-09,94055.1283048728
86,1994-05-10,84533.217153104
86,1994-05-11,74003.6419577928
86,1994-05-12,67839.8750614336
86,1994-05-13,64746.7970849688
86,1994-05-14,61105.3993796416
86,1994-05-15,56881.7344174699
86,1994-05-16,54417.1137272424
86,1994-05-17,50811.0843130467
86,1994-05-18,48799.573003302
86,1994-05-19,43701.2488183116
86,1994-05-20,39242.8435160533
86,1994-05-21,33689.3580387764
86,1994-05-22,30857.8677377613
86,1994-05-23,28019.6714049094
86,1994-05-24,27811.4041483795
86,1994-05-25,25677.4580569574
86,1994-05-26,31652.8452161416
86,1994-05-27,55886.4549110472
86,1994-05-28,75961.8470353464
86,1994-05-29,86750.9976747968
86,1994-05-30,91419.2505674672
86,1994-05-31,91405.3511845656
86,1994-06-01,93611.032808392
86,1994-06-02,92109.6325595304
86,1994-06-03,85801.0575924624
86,1994-06-04,73586.8305975944
86,1994-06-05,66479.546292908
86,1994-06-06,64222.1271340528
86,1994-06-07,59882.8611919832
86,1994-06-08,58759.4231741304
86,1994-06-09,55576.2679720552
86,1994-06-10,52467.4401207368
86,1994-06-11,51906.902560322
86,1994-06-12,45798.8440440911
86,1994-06-13,39859.9749918359
86,1994-06-14,36084.2914449536
86,1994-06-15,33738.8837234095
86,1994-06-16,31012.0095506482
86,1994-06-17,29885.2399739998
86,1994-06-18,29657.8758763025
86,1994-06-19,37131.0560195376
86,1994-06-20,58456.4196388776
86,1994-06-21,74677.3916352224
86,1994-06-22,82707.28511452
86,1994-06-23,89276.9809927848
86,1994-06-24,90175.823439036
86,1994-06-25,91528.3484350544
86,1994-06-26,91017.8692530952
86,1994-06-27,84649.3863592992
86,1994-06-28,74295.3275434568
86,1994-06-29,66221.1250869296
86,1994-06-30,62229.9431644128
86,1994-07-01,61476.54507102
86,1994-07-02,55868.574492954
86,1994-07-03,52286.6364046752
86,1994-07-04,51672.9878911224
86,1994-07-05,50108.4822482446
86,1994-07-06,44081.1595070578
86,1994-07-07,39639.3920267862
86,1994-07-08,34403.0300616773
86,1994-07-09,30900.8558478097
86,1994-07-10,28875.9078202143
86,1994-07-11,27760.2943173935
86,1994-07-12,27790.8775401712
86,1994-07-13,34913.4592040555
86,1994-07-14,57116.8243760168
86,1994-07-15,72690.7839453392
